[
{
    "pk": 1, 
    "model": "tournament.greatpower", 
    "fields": {
        "abbreviation": "A", 
        "name": "Austria-Hungary",
        "starting_centres": 3
    }
},
{
    "pk": 2, 
    "model": "tournament.greatpower", 
    "fields": {
        "abbreviation": "E", 
        "name": "England",
        "starting_centres": 3
    }
},
{
    "pk": 3, 
    "model": "tournament.greatpower", 
    "fields": {
        "abbreviation": "F", 
        "name": "France",
        "starting_centres": 3
    }
},
{
    "pk": 4, 
    "model": "tournament.greatpower", 
    "fields": {
        "abbreviation": "G", 
        "name": "Germany",
        "starting_centres": 3
    }
},
{
    "pk": 5, 
    "model": "tournament.greatpower", 
    "fields": {
        "abbreviation": "I", 
        "name": "Italy",
        "starting_centres": 3
    }
},
{
    "pk": 6, 
    "model": "tournament.greatpower", 
    "fields": {
        "abbreviation": "R", 
        "name": "Russia",
        "starting_centres": 4
    }
},
{
    "pk": 7, 
    "model": "tournament.greatpower", 
    "fields": {
        "abbreviation": "T", 
        "name": "Turkey",
        "starting_centres": 3
    }
},
{
    "pk": 1,
    "model": "tournament.supplycentre",
    "fields": {
        "name": "Ankara",
        "abbreviation": "Ank"
    }
},
{
    "pk": 2,
    "model": "tournament.supplycentre",
    "fields": {
        "name": "Belgium",
        "abbreviation": "Bel"
    }
},
{
    "pk": 3,
    "model": "tournament.supplycentre",
    "fields": {
        "name": "Berlin",
        "abbreviation": "Ber"
    }
},
{
    "pk": 4,
    "model": "tournament.supplycentre",
    "fields": {
        "name": "Brest",
        "abbreviation": "Bre"
    }
},
{
    "pk": 5,
    "model": "tournament.supplycentre",
    "fields": {
        "name": "Budapest",
        "abbreviation": "Bud"
    }
},
{
    "pk": 6,
    "model": "tournament.supplycentre",
    "fields": {
        "name": "Bulgaria",
        "abbreviation": "Bul"
    }
},
{
    "pk": 7,
    "model": "tournament.supplycentre",
    "fields": {
        "name": "Constantinople",
        "abbreviation": "Con"
    }
},
{
    "pk": 8,
    "model": "tournament.supplycentre",
    "fields": {
        "name": "Denmark",
        "abbreviation": "Den"
    }
},
{
    "pk": 9,
    "model": "tournament.supplycentre",
    "fields": {
        "name": "Edinburgh",
        "abbreviation": "Edi"
    }
},
{
    "pk": 10,
    "model": "tournament.supplycentre",
    "fields": {
        "name": "Greece",
        "abbreviation": "Gre"
    }
},
{
    "pk": 11,
    "model": "tournament.supplycentre",
    "fields": {
        "name": "Holland",
        "abbreviation": "Hol"
    }
},
{
    "pk": 12,
    "model": "tournament.supplycentre",
    "fields": {
        "name": "Kiel",
        "abbreviation": "Kie"
    }
},
{
    "pk": 13,
    "model": "tournament.supplycentre",
    "fields": {
        "name": "Liverpool",
        "abbreviation": "Lvp"
    }
},
{
    "pk": 14,
    "model": "tournament.supplycentre",
    "fields": {
        "name": "London",
        "abbreviation": "Lon"
    }
},
{
    "pk": 15,
    "model": "tournament.supplycentre",
    "fields": {
        "name": "Marseilles",
        "abbreviation": "Mar"
    }
},
{
    "pk": 16,
    "model": "tournament.supplycentre",
    "fields": {
        "name": "Moscow",
        "abbreviation": "Mos"
    }
},
{
    "pk": 17,
    "model": "tournament.supplycentre",
    "fields": {
        "name": "Munich",
        "abbreviation": "Mun"
    }
},
{
    "pk": 18,
    "model": "tournament.supplycentre",
    "fields": {
        "name": "Naples",
        "abbreviation": "Nap"
    }
},
{
    "pk": 19,
    "model": "tournament.supplycentre",
    "fields": {
        "name": "Norway",
        "abbreviation": "Nwy"
    }
},
{
    "pk": 20,
    "model": "tournament.supplycentre",
    "fields": {
        "name": "Paris",
        "abbreviation": "Par"
    }
},
{
    "pk": 21,
    "model": "tournament.supplycentre",
    "fields": {
        "name": "Portugal",
        "abbreviation": "Por"
    }
},
{
    "pk": 22,
    "model": "tournament.supplycentre",
    "fields": {
        "name": "Rome",
        "abbreviation": "Rom"
    }
},
{
    "pk": 23,
    "model": "tournament.supplycentre",
    "fields": {
        "name": "Rumania",
        "abbreviation": "Rum"
    }
},
{
    "pk": 24,
    "model": "tournament.supplycentre",
    "fields": {
        "name": "Serbia",
        "abbreviation": "Ser"
    }
},
{
    "pk": 25,
    "model": "tournament.supplycentre",
    "fields": {
        "name": "Sevastapol",
        "abbreviation": "Sev"
    }
},
{
    "pk": 26,
    "model": "tournament.supplycentre",
    "fields": {
        "name": "Smyrna",
        "abbreviation": "Smy"
    }
},
{
    "pk": 27,
    "model": "tournament.supplycentre",
    "fields": {
        "name": "Spain",
        "abbreviation": "Spa"
    }
},
{
    "pk": 28,
    "model": "tournament.supplycentre",
    "fields": {
        "name": "St.Petersburg",
        "abbreviation": "StP"
    }
},
{
    "pk": 29,
    "model": "tournament.supplycentre",
    "fields": {
        "name": "Sweden",
        "abbreviation": "Swe"
    }
},
{
    "pk": 30,
    "model": "tournament.supplycentre",
    "fields": {
        "name": "Trieste",
        "abbreviation": "Tri"
    }
},
{
    "pk": 31,
    "model": "tournament.supplycentre",
    "fields": {
        "name": "Tunis",
        "abbreviation": "Tun"
    }
},
{
    "pk": 32,
    "model": "tournament.supplycentre",
    "fields": {
        "name": "Venice",
        "abbreviation": "Ven"
    }
},
{
    "pk": 33,
    "model": "tournament.supplycentre",
    "fields": {
        "name": "Vienna",
        "abbreviation": "Vie"
    }
},
{
    "pk": 34,
    "model": "tournament.supplycentre",
    "fields": {
        "name": "Warsaw",
        "abbreviation": "War"
    }
},
{
    "pk": 1,
    "model": "tournament.gameset",
    "fields": {
        "name": "Avalon Hill",
        "initial_image": "games/ah_start_position.jpg"
    }
},
{
    "pk": 2,
    "model": "tournament.gameset",
    "fields": {
        "name": "Gibsons",
        "initial_image": "games/gibsons_start_position.jpg"
    }
},
{
    "pk": 1,
    "model": "tournament.setpower",
    "fields": {
        "the_set": 1,
        "power": 1,
        "colour": "red"
    }
},
{
    "pk": 2,
    "model": "tournament.setpower",
    "fields": {
        "the_set": 1,
        "power": 2,
        "colour": "blue"
    }
},
{
    "pk": 3,
    "model": "tournament.setpower",
    "fields": {
        "the_set": 1,
        "power": 3,
        "colour": "cyan"
    }
},
{
    "pk": 4,
    "model": "tournament.setpower",
    "fields": {
        "the_set": 1,
        "power": 4,
        "colour": "grey"
    }
},
{
    "pk": 5,
    "model": "tournament.setpower",
    "fields": {
        "the_set": 1,
        "power": 5,
        "colour": "green"
    }
},
{
    "pk": 6,
    "model": "tournament.setpower",
    "fields": {
        "the_set": 1,
        "power": 6,
        "colour": "white"
    }
},
{
    "pk": 7,
    "model": "tournament.setpower",
    "fields": {
        "the_set": 1,
        "power": 7,
        "colour": "yellow"
    }
},
{
    "pk": 8,
    "model": "tournament.setpower",
    "fields": {
        "the_set": 2,
        "power": 1,
        "colour": "brown"
    }
},
{
    "pk": 9,
    "model": "tournament.setpower",
    "fields": {
        "the_set": 2,
        "power": 2,
        "colour": "pink"
    }
},
{
    "pk": 10,
    "model": "tournament.setpower",
    "fields": {
        "the_set": 2,
        "power": 3,
        "colour": "blue"
    }
},
{
    "pk": 11,
    "model": "tournament.setpower",
    "fields": {
        "the_set": 2,
        "power": 4,
        "colour": "grey"
    }
},
{
    "pk": 12,
    "model": "tournament.setpower",
    "fields": {
        "the_set": 2,
        "power": 5,
        "colour": "green"
    }
},
{
    "pk": 13,
    "model": "tournament.setpower",
    "fields": {
        "the_set": 2,
        "power": 6,
        "colour": "purple"
    }
},
{
    "pk": 14,
    "model": "tournament.setpower",
    "fields": {
        "the_set": 2,
        "power": 7,
        "colour": "yellow"
    }
}
]
